,information,match,bet,outcome,course,date,status
0,2141-7E25AM,,,,,,
1,900,,,,,,
2,[10],,,,,,
3,16,,,,,,
4,429930.21,,,,,,
5,99210.1,,,,,,
6,bets:,,,,,,
0,,"['Viborg', 'West Ham']",Liczba goli,powyżej 2.5,1.9,2022-08-25T17:00:00.000Z,active
0,,"['Beitar Jerusalem', 'Hap. Beer Sheva']",Mecz,2,1.9,2022-08-28T17:15:00.000Z,active
0,,"['Cracovia', 'Warta']",Liczba goli,poniżej 2.5,1.75,2022-08-28T10:30:00.000Z,active
0,,"['Mjondalen', 'Sandnes Ulf']",Liczba goli,powyżej 2.5,1.7,2022-08-29T16:00:00.000Z,active
0,,"['Cruzeiro MG', 'Nautico PE']",Liczba goli,poniżej 2.5,1.8,2022-08-27T00:30:00.000Z,active
0,,"['Teut. Ottensen', 'RB Lipsk']",Liczba goli,poniżej 5.5,1.9,2022-08-30T18:46:00.000Z,active
0,,"['Brno', 'Slavia Praga']",Mecz,2,1.67,2022-08-28T17:00:00.000Z,active
0,,"['Millwall', 'Reading']",Mecz,1,1.9,2022-08-27T14:00:00.000Z,active
0,,"['Osijek', 'Hajduk Split']",Liczba goli,poniżej 2.5,1.8,2022-08-28T19:05:00.000Z,active
0,,"['Olymp. Nicosia', 'Anorthosis F.']",Mecz,2,1.85,2022-08-27T16:00:00.000Z,active
0,,"['Teplice', 'Zlin']",Liczba goli,poniżej 2.5,1.9,2022-08-27T14:00:00.000Z,active
0,,"['Montpellier', 'Ajaccio']",Liczba goli,poniżej 2.5,1.85,2022-08-31T17:00:00.000Z,active
0,,"['Norrby IF', 'AFC Eskilstuna']",Mecz,1,1.8,2022-08-28T13:00:00.000Z,active
0,,"['Stuttgart', 'Schalke 04']",Mecz,1,1.9,2022-09-03T13:30:00.000Z,active
0,,"['Verona', 'Atalanta']",Mecz,2,1.9,2022-08-28T16:30:00.000Z,active
0,,"['Las Palmas', 'FC Andorra']",Mecz,1,1.75,2022-08-29T20:00:00.000Z,active
0,2141-7E25AL,,,,,,
1,1000,,,,,,
2,[12],,,,,,
3,16,,,,,,
4,103236.88,,,,,,
5,29495.61,,,,,,
6,bets:,,,,,,
0,,"['Widzew', 'W.Płock']",Liczba goli,poniżej 3.5,1.47,2022-08-27T18:00:00.000Z,active
0,,"['Cercle Brugge', 'Zulte Waregem']",Liczba goli,poniżej 3.5,1.47,2022-08-27T16:15:00.000Z,active
0,,"['Ionikos', 'Levadiakos']",Liczba goli,powyżej 1.5,1.47,2022-08-26T18:30:00.000Z,active
0,,"['Start', 'Grorud']",Liczba goli,powyżej 2.5,1.5,2022-08-29T16:00:00.000Z,active
0,,"['Osters IF', 'Ostersunds FK']",Mecz,1,1.5,2022-08-27T13:00:00.000Z,active
0,,"['Alanyaspor', 'Istanbulspor']",Mecz,1,1.5,2022-08-27T18:45:00.000Z,active
0,,"['Besiktas', 'Sivasspor']",Mecz,1,1.57,2022-08-29T18:45:00.000Z,active
0,,"['Dornbirn', 'First Vienna']",Liczba goli,poniżej 3.5,1.47,2022-08-27T12:30:00.000Z,active
0,,"['Watford', 'QPR']",Liczba goli,powyżej 1.5,1.42,2022-08-27T14:00:00.000Z,active
0,,"['Banfield', 'Defensa y Just.']",Liczba goli,poniżej 2.5,1.6,2022-08-27T18:30:00.000Z,active
0,,"['Guangzhou City', 'Chengdu Rongch.']",Mecz,2,1.36,2022-08-27T11:30:00.000Z,active
0,,"['Bristol Rovers', 'Shrewsbury Town']",Liczba goli,poniżej 3.5,1.33,2022-08-27T14:00:00.000Z,active
0,,"['Quevilly Rouen', 'Pau FC']",1.połowa - liczba goli,powyżej 0.5,1.5,2022-08-27T17:00:00.000Z,active
0,,"['LASK Linz', 'Altach']",Mecz,1,1.36,2022-08-27T17:30:00.000Z,active
0,,"['Everton Del Mar', 'Dep. La Serena']",Liczba goli,powyżej 1.5,1.35,2022-08-27T00:00:00.000Z,active
0,,"['Lyon', 'Auxerre']",Mecz,1,1.3,2022-08-31T17:00:00.000Z,active
0,2141-7E25AW,,,,,,
1,1000,,,,,,
2,[13],,,,,,
3,16,,,,,,
4,45587.18,,,,,,
5,14147.53,,,,,,
6,bets:,,,,,,
0,,"['AEK Ateny', 'Volos']",Mecz,1,1.28,2022-08-27T18:30:00.000Z,active
0,,"['Guangzhou City', 'Chengdu Rongch.']",Liczba goli,powyżej 1.5,1.35,2022-08-27T11:30:00.000Z,active
0,,"['Śląsk', 'Raków']",Liczba goli,poniżej 3.5,1.33,2022-08-28T13:00:00.000Z,active
0,,"['Sampdoria', 'Lazio']",Liczba goli,poniżej 3.5,1.4,2022-08-31T16:30:00.000Z,active
0,,"['Sandefjord', 'Stromsgodset']",Liczba goli,poniżej 4.5,1.28,2022-08-27T16:00:00.000Z,active
0,,"['Lillestrom', 'Kristiansund']",Mecz,1,1.38,2022-08-28T16:00:00.000Z,active
0,,"['Asteras Tripolis', 'Olympiacos']",Liczba goli,powyżej 1.5,1.4,2022-08-29T16:00:00.000Z,active
0,,"['Ferencvarosi TC', 'Budapest Honved']",Mecz,1,1.4,2022-08-28T15:30:00.000Z,active
0,,"['Mafra', 'Farense']",Liczba goli,powyżej 1.5,1.4,2022-08-29T17:00:00.000Z,active
0,,"['Cracovia', 'Warta']",Liczba goli,poniżej 3.5,1.28,2022-08-28T10:30:00.000Z,active
0,,"['Sporting L.', 'Chaves']",Mecz,1,1.22,2022-08-27T19:30:00.000Z,active
0,,"['Karmiotissa P.', 'Nea Salamina F.']",Liczba goli,powyżej 1.5,1.22,2022-08-26T16:00:00.000Z,active
0,,"['Mjondalen', 'Sandnes Ulf']",Liczba goli,powyżej 1.5,1.22,2022-08-29T16:00:00.000Z,active
0,,"['AC Milan', 'Bologna']",Mecz,1,1.38,2022-08-27T18:45:00.000Z,active
0,,"['Beijing Guoan', 'Shanghai Shenhua']",Liczba goli,powyżej 1.5,1.33,2022-08-26T11:30:00.000Z,active
0,,"['CFR Cluj', 'Farul Constanta']",Liczba goli,poniżej 3.5,1.22,2022-08-28T15:30:00.000Z,active
0,2141-7E25AH,,,,,,
1,900,,,,,,
2,[11],,,,,,
3,16,,,,,,
4,627074.34,,,,,,
5,162574.26,,,,,,
6,bets:,,,,,,
0,,"['Omonia Nicosia', 'Gent']",Mecz,2,1.9,2022-08-25T17:00:00.000Z,active
0,,"['Osijek', 'Hajduk Split']",Liczba goli,poniżej 2.5,1.8,2022-08-28T19:05:00.000Z,active
0,,"['Brno', 'Slavia Praga']",Mecz,2,1.67,2022-08-28T17:00:00.000Z,active
0,,"['Manchester City', 'Nott. Forest']",Liczba goli,powyżej 3.5,1.75,2022-08-31T18:30:00.000Z,active
0,,"['KR Reykjavik', 'Hafnarfjordur']",Liczba goli,poniżej 3.5,1.65,2022-08-28T17:00:00.000Z,active
0,,"['Eibar', 'Ponferradina']",Mecz,1,1.85,2022-08-28T17:30:00.000Z,active
0,,"['Teplice', 'Zlin']",Liczba goli,poniżej 2.5,1.9,2022-08-27T14:00:00.000Z,active
0,,"['Montpellier', 'Ajaccio']",Liczba goli,poniżej 2.5,1.85,2022-08-31T17:00:00.000Z,active
0,,"['Landskrona BoIS', 'Trelleborgs FF']",Liczba goli,powyżej 2.5,1.8,2022-08-27T11:00:00.000Z,active
0,,"['St.Truidense', 'Mechelen']",Liczba goli,powyżej 2.5,1.9,2022-08-27T18:45:00.000Z,active
0,,"['Teut. Ottensen', 'RB Lipsk']",Liczba goli,poniżej 5.5,1.9,2022-08-30T18:46:00.000Z,active
0,,"['Celje', 'ND Gorica']",Mecz,1,1.65,2022-08-26T18:15:00.000Z,active
0,,"['Juventus', 'Spezia']",Liczba goli,poniżej 3.5,1.53,2022-08-31T18:45:00.000Z,active
0,,"['Viborg', 'West Ham']",Mecz,2,1.85,2022-08-25T17:00:00.000Z,active
0,,"['Ruzomberok', 'Slovan B.']",Liczba goli,powyżej 2.5,1.9,2022-08-28T18:30:00.000Z,active
0,,"['Ipswich Town', 'Barnsley']",Mecz,1,1.7,2022-08-27T14:00:00.000Z,active
0,2141-7E25AD,,,,,,
1,1000,,,,,,
2,[12],,,,,,
3,16,,,,,,
4,81757.96,,,,,,
5,23358.78,,,,,,
6,bets:,,,,,,
0,,"['Twente', 'Fiorentina']",Liczba goli,poniżej 3.5,1.4,2022-08-25T17:00:00.000Z,active
0,,"['Slovacko', 'Slovan Liberec']",Liczba goli,poniżej 3.5,1.4,2022-08-28T14:00:00.000Z,active
0,,"['Hradec Kralove', 'Sigma Olomouc']",Liczba goli,poniżej 3.5,1.42,2022-08-28T14:00:00.000Z,active
0,,"['Chippa United', 'TS Galaxy']",Liczba goli,poniżej 2.5,1.47,2022-08-24T17:30:00.000Z,win
0,,"['Lecce', 'Empoli']",Liczba goli,poniżej 3.5,1.47,2022-08-28T18:45:00.000Z,active
0,,"['Leuven', 'Oostende']",Liczba goli,poniżej 3.5,1.5,2022-08-27T16:15:00.000Z,active
0,,"['IFK Goteborg', 'IK Sirius']",Liczba goli,poniżej 3.5,1.4,2022-08-28T13:00:00.000Z,active
0,,"['Sparta Praga', 'Bohemians Praga']",Mecz,1,1.42,2022-08-27T17:00:00.000Z,active
0,,"['Skovde AIK', 'Jonkopings Sodra']",Liczba goli,poniżej 3.5,1.4,2022-08-28T13:00:00.000Z,active
0,,"['Villarreal', 'Elche']",Mecz,1,1.42,2022-09-04T16:30:00.000Z,active
0,,"['Olimpija L.', 'Radomlje']",Liczba goli,poniżej 3.5,1.4,2022-08-27T15:30:00.000Z,active
0,,"['FAC Wiedeń', 'Amstetten']",Liczba goli,poniżej 3.5,1.42,2022-08-26T16:10:00.000Z,active
0,,"['Brann', 'Ranheim']",Liczba goli,poniżej 4.5,1.4,2022-08-29T16:00:00.000Z,active
0,,"['Liverpool', 'Newcastle']",Mecz,1,1.38,2022-08-31T19:00:00.000Z,active
0,,"['B. Dortmund II', 'Freiburg II']",Liczba goli,poniżej 3.5,1.4,2022-08-28T11:00:00.000Z,active
0,,"['Varbergs BoIS', 'IFK Norrkoping']",Liczba goli,poniżej 3.5,1.4,2022-08-28T13:00:00.000Z,active
0,2141-7E25AJ,,,,,,
1,1000,,,,,,
2,[13],,,,,,
3,16,,,,,,
4,38399.37,,,,,,
5,11917.04,,,,,,
6,bets:,,,,,,
0,,"['Osijek', 'Hajduk Split']",Liczba goli,poniżej 3.5,1.33,2022-08-28T19:05:00.000Z,active
0,,"['OFI Crete', 'Panathinaikos']",1.połowa - liczba goli,poniżej 1.5,1.33,2022-08-28T16:00:00.000Z,active
0,,"['Cittadella', 'Venezia']",Liczba goli,poniżej 3.5,1.33,2022-08-28T18:45:00.000Z,active
0,,"['Start', 'Grorud']",Mecz,1,1.28,2022-08-29T16:00:00.000Z,active
0,,"['Sivasspor', 'Malmo FF']",Liczba goli,poniżej 3.5,1.33,2022-08-25T17:00:00.000Z,active
0,,"['Ipswich Town', 'Barnsley']",Liczba goli,poniżej 3.5,1.33,2022-08-27T14:00:00.000Z,active
0,,"['Hajduk Split', 'Villarreal']",Liczba goli,powyżej 1.5,1.25,2022-08-25T19:00:00.000Z,active
0,,"['Sepsi', 'Rapid B.']",Liczba goli,poniżej 3.5,1.2,2022-08-27T18:45:00.000Z,active
0,,"['Slavia Praga', 'Raków']",Liczba goli,powyżej 1.5,1.33,2022-08-25T17:00:00.000Z,active
0,,"['Sheriff Tiraspol', 'Pyunik Yerevan']",Liczba goli,poniżej 3.5,1.28,2022-08-25T17:00:00.000Z,active
0,,"['Excelsior', 'PSV Eindhoven']",Liczba goli,powyżej 2.5,1.33,2022-08-28T12:30:00.000Z,active
0,,"['Napoli', 'Lecce']",Mecz,1,1.33,2022-08-31T18:45:00.000Z,active
0,,"['Union Espanola', 'Audax Italiano']",Liczba goli,powyżej 1.5,1.33,2022-08-29T00:00:00.000Z,active
0,,"['Breidablik', 'Leiknir R.']",Mecz,1,1.25,2022-08-28T19:15:00.000Z,active
0,,"['CA Boca Juniors', 'Atl. Tucuman']",Liczba goli,poniżej 3.5,1.22,2022-08-28T21:00:00.000Z,active
0,,"['Botafogo RJ', 'Flamengo RJ']",Liczba goli,poniżej 3.5,1.35,2022-08-28T21:00:00.000Z,active
0,2141-7E25AA,,,,,,
1,1000,,,,,,
2,[13],,,,,,
3,16,,,,,,
4,40909.93,,,,,,
5,12696.3,,,,,,
6,bets:,,,,,,
0,,"['Huddersfield', 'WBA']",Liczba goli,poniżej 3.5,1.33,2022-08-27T14:00:00.000Z,active
0,,"['Dukla Banska B.', 'Z.Moravce-Vrable']",Liczba goli,poniżej 3.5,1.33,2022-08-27T16:00:00.000Z,active
0,,"['Leeds', 'Barnsley']",Liczba goli,powyżej 1.5,1.22,2022-08-24T18:45:00.000Z,win
0,,"['Głogów', 'W.Kraków']",Liczba goli,poniżej 3.5,1.33,2022-08-26T18:30:00.000Z,active
0,,"['Morecambe', 'MK Dons']",Liczba goli,poniżej 3.5,1.33,2022-08-27T14:00:00.000Z,active
0,,"['Banfield', 'Defensa y Just.']",Liczba goli,poniżej 3.5,1.25,2022-08-27T18:30:00.000Z,active
0,,"['Dundee Utd', 'Celtic']",Liczba goli,poniżej 4.5,1.33,2022-08-28T11:00:00.000Z,active
0,,"['Inter Turku', 'KuPS']",Liczba goli,poniżej 3.5,1.33,2022-08-27T14:00:00.000Z,active
0,,"['Millwall', 'Reading']",Liczba goli,poniżej 3.5,1.33,2022-08-27T14:00:00.000Z,active
0,,"['Domzale', 'Koper']",Liczba goli,powyżej 1.5,1.33,2022-08-27T18:15:00.000Z,active
0,,"['Maritimo', 'Portimonense']",Liczba goli,poniżej 3.5,1.33,2022-08-27T14:30:00.000Z,active
0,,"['Colchester Utd', 'Brentford']",Liczba goli,powyżej 1.5,1.22,2022-08-23T18:45:00.000Z,win
0,,"['Sheffield Wed.', 'Forest Green R.']",Liczba goli,powyżej 1.5,1.33,2022-08-27T14:00:00.000Z,active
0,,"['Skra Cz.', 'Sandecja']",Liczba goli,poniżej 3.5,1.25,2022-08-28T13:00:00.000Z,active
0,,"['Barrow', 'Lincoln City']",Liczba goli,poniżej 3.5,1.33,2022-08-23T18:45:00.000Z,lost
0,,"['Mont. Wanderers', 'Albion FC (URU)']",1.połowa - liczba goli,poniżej 1.5,1.33,2022-08-27T13:00:00.000Z,active
0,2141-7E25AJ,,,,,,
1,1000,,,,,,
2,[13],,,,,,
3,16,,,,,,
4,38399.37,,,,,,
5,11917.04,,,,,,
6,bets:,,,,,,
0,,"['Osijek', 'Hajduk Split']",Liczba goli,poniżej 3.5,1.33,2022-08-28T19:05:00.000Z,active
0,,"['OFI Crete', 'Panathinaikos']",1.połowa - liczba goli,poniżej 1.5,1.33,2022-08-28T16:00:00.000Z,active
0,,"['Cittadella', 'Venezia']",Liczba goli,poniżej 3.5,1.33,2022-08-28T18:45:00.000Z,active
0,,"['Start', 'Grorud']",Mecz,1,1.28,2022-08-29T16:00:00.000Z,active
0,,"['Sivasspor', 'Malmo FF']",Liczba goli,poniżej 3.5,1.33,2022-08-25T17:00:00.000Z,active
0,,"['Ipswich Town', 'Barnsley']",Liczba goli,poniżej 3.5,1.33,2022-08-27T14:00:00.000Z,active
0,,"['Hajduk Split', 'Villarreal']",Liczba goli,powyżej 1.5,1.25,2022-08-25T19:00:00.000Z,active
0,,"['Sepsi', 'Rapid B.']",Liczba goli,poniżej 3.5,1.2,2022-08-27T18:45:00.000Z,active
0,,"['Slavia Praga', 'Raków']",Liczba goli,powyżej 1.5,1.33,2022-08-25T17:00:00.000Z,active
0,,"['Sheriff Tiraspol', 'Pyunik Yerevan']",Liczba goli,poniżej 3.5,1.28,2022-08-25T17:00:00.000Z,active
0,,"['Excelsior', 'PSV Eindhoven']",Liczba goli,powyżej 2.5,1.33,2022-08-28T12:30:00.000Z,active
0,,"['Napoli', 'Lecce']",Mecz,1,1.33,2022-08-31T18:45:00.000Z,active
0,,"['Union Espanola', 'Audax Italiano']",Liczba goli,powyżej 1.5,1.33,2022-08-29T00:00:00.000Z,active
0,,"['Breidablik', 'Leiknir R.']",Mecz,1,1.25,2022-08-28T19:15:00.000Z,active
0,,"['CA Boca Juniors', 'Atl. Tucuman']",Liczba goli,poniżej 3.5,1.22,2022-08-28T21:00:00.000Z,active
0,,"['Botafogo RJ', 'Flamengo RJ']",Liczba goli,poniżej 3.5,1.35,2022-08-28T21:00:00.000Z,active
0,2141-7E25A0,,,,,,
1,1000,,,,,,
2,[10],,,,,,
3,16,,,,,,
4,410783.66,,,,,,
5,94795.07,,,,,,
6,bets:,,,,,,
0,,"['Walsall', 'Charlton Atl.']",Liczba goli,poniżej 2.5,1.9,2022-08-23T18:00:00.000Z,win
0,,"['Dornbirn', 'First Vienna']",Mecz,2,1.85,2022-08-27T12:30:00.000Z,active
0,,"['Volendam', 'Twente']",Mecz,2,1.85,2022-08-28T12:30:00.000Z,active
0,,"['Verl', 'Zwickau']",Liczba goli,powyżej 2.5,1.85,2022-08-27T12:00:00.000Z,active
0,,"['Skra Cz.', 'Sandecja']",Liczba goli,poniżej 2.5,1.7,2022-08-28T13:00:00.000Z,active
0,,"['Silkeborg', 'HJK Helsinki']",Liczba goli,powyżej 2.5,1.9,2022-08-25T16:30:00.000Z,active
0,,"['Hamrun Spartans', 'Partizan']",Liczba goli,powyżej 2.5,1.85,2022-08-25T18:00:00.000Z,active
0,,"['Gijon', 'Burgos']",Liczba goli,poniżej 2.5,1.65,2022-08-27T15:30:00.000Z,active
0,,"['Lincoln City', 'Fleetwood Town']",Liczba goli,poniżej 2.5,1.9,2022-08-27T14:00:00.000Z,active
0,,"['Dinamo Zagreb', 'Bodo/Glimt']",Mecz,1,1.9,2022-08-24T19:00:00.000Z,win
0,,"['Valenciennes', ' St. Etienne']",Liczba goli,poniżej 2.5,1.65,2022-08-27T17:00:00.000Z,active
0,,"['Grazer AK', 'SV Lafnitz']",Liczba goli,powyżej 2.5,1.75,2022-08-27T12:30:00.000Z,active
0,,"['Port Vale', 'Portsmouth']",Liczba goli,poniżej 2.5,1.9,2022-08-27T14:00:00.000Z,active
0,,"['Colchester Utd', 'Brentford']",Liczba goli,powyżej 2.5,1.67,2022-08-23T18:45:00.000Z,lost
0,,"['PSV Eindhoven', 'Rangers']",Mecz,1,1.8,2022-08-24T19:00:00.000Z,lost
0,,"['CFR Cluj', 'Maribor']",Mecz,1,1.72,2022-08-25T17:00:00.000Z,active
0,2141-7E25AF,,,,,,
1,1000,,,,,,
2,[12],,,,,,
3,16,,,,,,
4,88957.95,,,,,,
5,25416.94,,,,,,
6,bets:,,,,,,
0,,"['Basel', 'CSKA Sofia']",Mecz,1,1.55,2022-08-25T17:00:00.000Z,active
0,,"['Osters IF', 'Ostersunds FK']",Liczba goli,poniżej 3.5,1.4,2022-08-27T13:00:00.000Z,active
0,,"['Gremio FBPA RS', 'Ituano SP']",Mecz,1,1.47,2022-08-26T22:00:00.000Z,active
0,,"['Ingolstadt', 'Wehen Wiesbaden']",Liczba goli,poniżej 3.5,1.4,2022-08-27T12:00:00.000Z,active
0,,"['Olymp. Nicosia', 'Anorthosis F.']",1.połowa - liczba goli,poniżej 1.5,1.36,2022-08-27T16:00:00.000Z,active
0,,"['Bilbao', 'Espanyol']",Mecz,1,1.53,2022-09-04T14:15:00.000Z,active
0,,"['Port Vale', 'Portsmouth']",Liczba goli,poniżej 3.5,1.36,2022-08-27T14:00:00.000Z,active
0,,"['NEC Nijmegen', 'Groningen']",Liczba goli,poniżej 3.5,1.47,2022-08-26T18:00:00.000Z,active
0,,"['Głogów', 'W.Kraków']",1.połowa - liczba goli,poniżej 1.5,1.36,2022-08-26T18:30:00.000Z,active
0,,"['Derby', 'Peterborough']",Liczba goli,poniżej 3.5,1.4,2022-08-27T14:00:00.000Z,active
0,,"['Mito Hollyhock', 'Ryukyu']",Liczba goli,poniżej 3.5,1.4,2022-08-27T09:00:00.000Z,active
0,,"['Boavista', 'Benfica']",Mecz,2,1.5,2022-08-27T17:00:00.000Z,active
0,,"['Stockport', 'Leicester']",Mecz,2,1.4,2022-08-23T18:45:00.000Z,lost
0,,"['Nice', 'Macc. Tel Aviv']",Mecz,1,1.47,2022-08-25T18:00:00.000Z,active
0,,"['Liverpool', 'Bournemouth']",Liczba goli,powyżej 2.5,1.4,2022-08-27T14:00:00.000Z,active
0,,"['Go Ahead Eagles', 'Sparta R.']",Liczba goli,poniżej 3.5,1.4,2022-08-27T14:30:00.000Z,active
0,2141-7E25AG,,,,,,
1,1000,,,,,,
2,[11],,,,,,
3,16,,,,,,
4,355145.08,,,,,,
5,92074.21,,,,,,
6,bets:,,,,,,
0,,"['F. Dusseldorf', 'Jahn Regensburg']",Mecz,1,1.7,2022-08-26T16:30:00.000Z,active
0,,"['Servette', 'Grasshopper']",Mecz,1,1.9,2022-08-27T18:30:00.000Z,active
0,,"['Sochaux', 'Chamois Niort']",Mecz,1,1.75,2022-08-27T17:00:00.000Z,active
0,,"['Lokomotiva Z.', 'Slaven Belupo']",Mecz,1,1.9,2022-08-27T16:55:00.000Z,active
0,,"['Aberdeen', 'Livingston']",Mecz,1,1.85,2022-08-27T14:00:00.000Z,active
0,,"['Atlanta Utd', 'D.C. United']",Mecz,1,1.72,2022-08-28T20:00:00.000Z,active
0,,"['Sheffield Wed.', 'Forest Green R.']",Mecz,1,1.65,2022-08-27T14:00:00.000Z,active
0,,"['Southampton', 'Chelsea']",Mecz,2,1.62,2022-08-30T18:45:00.000Z,active
0,,"['Strasbourg', 'Nantes']",Mecz,1,1.85,2022-08-31T17:00:00.000Z,active
0,,"['Olimpija L.', 'Radomlje']",Mecz,1,1.8,2022-08-27T15:30:00.000Z,active
0,,"['Juventus', 'Spezia']",Mecz,1,1.3,2022-08-31T18:45:00.000Z,active
0,,"['Slovan B.', 'Zrinjski Mostar']",Mecz,1,1.62,2022-08-25T18:30:00.000Z,active
0,,"['Nagoya Grampus', 'Gamba Osaka']",Mecz,1,1.67,2022-08-27T09:00:00.000Z,active
0,,"['Arsenal', 'Aston Villa']",Mecz,1,1.42,2022-08-31T18:30:00.000Z,active
0,,"['HJK Helsinki', 'Seinajoen JK']",Mecz,1,1.53,2022-08-28T15:30:00.000Z,active
0,,"['Pogoń Sz.', 'Lubin']",Mecz,1,1.67,2022-08-27T15:30:00.000Z,active
0,2141-7E25AX,,,,,,
1,900,,,,,,
2,[11],,,,,,
3,16,,,,,,
4,332739.33,,,,,,
5,86265.63,,,,,,
6,bets:,,,,,,
0,,"['Kongsvinger', 'Stabaek']",Liczba goli,powyżej 2.5,1.7,2022-08-27T13:00:00.000Z,active
0,,"['Leeds', 'Everton']",Liczba goli,powyżej 2.5,1.9,2022-08-30T19:00:00.000Z,active
0,,"['Inter Turku', 'KuPS']",Liczba goli,poniżej 2.5,1.8,2022-08-27T14:00:00.000Z,active
0,,"['Dallas', 'Real Salt Lake']",Liczba goli,powyżej 2.5,1.85,2022-08-28T01:00:00.000Z,active
0,,"['Barrow', 'Lincoln City']",Liczba goli,poniżej 2.5,1.85,2022-08-23T18:45:00.000Z,lost
0,,"['Jerv', 'Bodo/Glimt']",Liczba goli,powyżej 3.5,1.9,2022-08-27T16:00:00.000Z,active
0,,"['Sandefjord', 'Stromsgodset']",Liczba goli,powyżej 2.5,1.6,2022-08-27T16:00:00.000Z,active
0,,"['Gimnasia LP', 'Aldosivi']",Liczba goli,poniżej 2.5,1.75,2022-08-24T00:30:00.000Z,win
0,,"['Osasuna', 'Rayo Vallecano']",Liczba goli,poniżej 2.5,1.65,2022-09-04T12:00:00.000Z,active
0,,"['Aue', 'Dyn.Drezno']",Liczba goli,poniżej 3.5,1.4,2022-08-28T12:00:00.000Z,active
0,,"['Vitesse', 'RKC Waalwijk']",Liczba goli,poniżej 3.5,1.5,2022-08-27T16:45:00.000Z,active
0,,"['Ventforet Kofu', 'Zwiegen Kanaz.']",Liczba goli,poniżej 3.5,1.35,2022-08-27T09:00:00.000Z,active
0,,"['Corinthians SP', 'Bragantino SP']",Liczba goli,poniżej 2.5,1.65,2022-08-27T23:30:00.000Z,active
0,,"['BW Linz', 'Rapid Wiedeń II']",Liczba goli,powyżej 2.5,1.65,2022-08-28T08:30:00.000Z,active
0,,"['Ilves', 'Haka Valkeakoski']",Liczba goli,powyżej 2.5,1.85,2022-08-27T12:00:00.000Z,active
0,,"['Tabor Sezana', 'Bravo']",Liczba goli,poniżej 2.5,1.65,2022-08-26T15:30:00.000Z,active
0,2141-7E25C7,,,,,,
1,900,,,,,,
2,[13],,,,,,
3,16,,,,,,
4,31284.73,,,,,,
5,9709.41,,,,,,
6,bets:,,,,,,
0,,"['Ballkani', 'Shkupi Skopje']",Liczba goli,powyżej 1.5,1.35,2022-08-25T18:00:00.000Z,active
0,,"['Tabor Sezana', 'Bravo']",Liczba goli,poniżej 3.5,1.25,2022-08-26T15:30:00.000Z,active
0,,"['Leeds', 'Barnsley']",Mecz,1,1.3,2022-08-24T18:45:00.000Z,win
0,,"['Telstar', 'Helmond']",Liczba goli,poniżej 4.5,1.22,2022-08-26T18:00:00.000Z,active
0,,"['Pacos Ferreira', 'Estoril Praia']",Liczba goli,poniżej 3.5,1.28,2022-08-26T19:15:00.000Z,active
0,,"['Twente', 'Fiorentina']",Liczba goli,powyżej 1.5,1.33,2022-08-25T17:00:00.000Z,active
0,,"['Antwerp', 'Basaksehir']",Liczba goli,poniżej 3.5,1.33,2022-08-25T18:45:00.000Z,active
0,,"['G.B. Queretaro', 'Club America']",Liczba goli,powyżej 1.5,1.33,2022-08-24T02:05:00.000Z,lost
0,,"['Tranmere Rovers', 'Newcastle']",Mecz,2,1.28,2022-08-24T18:45:00.000Z,win
0,,"['Fehervar', 'Koln']",Liczba goli,powyżej 1.5,1.25,2022-08-25T17:00:00.000Z,active
0,,"['Olympiacos', 'Apollon Limassol']",Liczba goli,poniżej 3.5,1.33,2022-08-25T19:00:00.000Z,active
0,,"['CA Platense', 'Talleres Cordoba']",Liczba goli,poniżej 3.5,1.2,2022-08-23T00:30:00.000Z,win
0,,"['De Graafschap', 'Dordrecht']",Mecz,1,1.3,2022-08-26T18:00:00.000Z,active
0,,"['Anderlecht', 'Young Boys']",Liczba goli,powyżej 1.5,1.33,2022-08-25T18:00:00.000Z,active
0,,"['Wycombe W.', 'Bristol City']",Liczba goli,powyżej 1.5,1.28,2022-08-24T18:45:00.000Z,win
0,,"['Silkeborg', 'HJK Helsinki']",Liczba goli,powyżej 1.5,1.28,2022-08-25T16:30:00.000Z,active
0,2141-7E25CE,,,,,,
1,1000,,,,,,
2,[12],,,,,,
3,16,,,,,,
4,96104.99,,,,,,
5,27458.32,,,,,,
6,bets:,,,,,,
0,,"['AIK', 'Slovacko']",1.połowa - liczba goli,poniżej 1.5,1.42,2022-08-25T17:00:00.000Z,active
0,,"['Metz', 'Dijon']",Liczba goli,powyżej 1.5,1.4,2022-08-27T13:00:00.000Z,active
0,,"['Cracovia', 'Warta']",1.połowa - liczba goli,poniżej 1.5,1.36,2022-08-28T10:30:00.000Z,active
0,,"['Cambridge Utd', 'Southampton']",Mecz,2,1.4,2022-08-23T18:45:00.000Z,win
0,,"['Lazio', 'Inter M.']",Liczba goli,poniżej 3.5,1.6,2022-08-26T18:45:00.000Z,active
0,,"['Oxford United', 'Crystal Palace']",Liczba goli,poniżej 3.5,1.4,2022-08-23T18:45:00.000Z,win
0,,"['Bolton W.', 'Aston Villa']",Liczba goli,poniżej 3.5,1.47,2022-08-23T18:45:00.000Z,lost
0,,"['Grimsby Town', 'Nott. Forest']",Mecz,2,1.4,2022-08-23T18:45:00.000Z,win
0,,"['Telstar', 'Helmond']",Liczba goli,poniżej 3.5,1.53,2022-08-26T18:00:00.000Z,active
0,,"['Mielec', 'Legia']",Liczba goli,poniżej 3.5,1.4,2022-08-26T18:30:00.000Z,active
0,,"['T.Kokkinakis', 'J.Duckworth']",Zwycięzca,1,1.4,2022-08-22T18:05:00.000Z,lost
0,,"['Twente', 'Fiorentina']",1.połowa - liczba goli,powyżej 0.5,1.42,2022-08-25T17:00:00.000Z,active
0,,"['Sochaux', 'Chamois Niort']",Liczba goli,powyżej 1.5,1.4,2022-08-27T17:00:00.000Z,active
0,,"['Viking', 'FCSB']",1.połowa - liczba goli,powyżej 0.5,1.45,2022-08-25T17:00:00.000Z,active
0,,"['Al Ettifaq', 'Al Tai']",1.połowa - liczba goli,poniżej 1.5,1.42,2022-08-26T15:45:00.000Z,active
0,,"['Espanyol', 'Real Madryt']",Mecz,2,1.55,2022-08-28T20:00:00.000Z,active
0,2141-7E25CB,,,,,,
1,1000,,,,,,
2,[11],,,,,,
3,16,,,,,,
4,295792.89,,,,,,
5,76687,,,,,,
6,bets:,,,,,,
0,,"['Sheriff Tiraspol', 'Pyunik Yerevan']",Mecz,1,1.57,2022-08-25T17:00:00.000Z,active
0,,"['Olympiacos', 'Apollon Limassol']",Mecz,1,1.55,2022-08-25T19:00:00.000Z,active
0,,"['Rotherham Utd', 'Morecambe']",Mecz,1,1.57,2022-08-23T18:45:00.000Z,lost
0,,"['Watford', 'MK Dons']",Mecz,1,1.57,2022-08-23T18:45:00.000Z,lost
0,,"['Fehervar', 'Koln']",Mecz,2,1.4,2022-08-25T17:00:00.000Z,active
0,,"['Silkeborg', 'HJK Helsinki']",Mecz,1,1.65,2022-08-25T16:30:00.000Z,active
0,,"['Shrewsbury Town', 'Burnley']",Liczba goli,poniżej 2.5,1.85,2022-08-23T18:30:00.000Z,win
0,,"['Jong PSV', 'Heracles Almelo']",Liczba goli,poniżej 3.5,1.65,2022-08-22T18:00:00.000Z,win
0,,"['Hap. Beer Sheva', 'Univ.Craiova']",Mecz,1,1.8,2022-08-25T17:00:00.000Z,active
0,,"['Gillingham', 'Exeter City']",Liczba goli,poniżej 2.5,1.85,2022-08-23T18:45:00.000Z,win
0,,"['Apoel Nicosia', 'Djurgarden IF']",Liczba goli,poniżej 2.5,1.8,2022-08-23T16:00:00.000Z,lost
0,,"['W.Mannheim 07', 'B. Dortmund II']",Mecz,1,1.85,2022-08-20T12:00:00.000Z,win
0,,"['Colorado', 'Houston']",Liczba goli,poniżej 3.5,1.65,2022-08-21T01:00:00.000Z,win
0,,"['Genk', 'Cercle Brugge']",Liczba goli,powyżej 2.5,1.6,2022-08-20T16:15:00.000Z,win
0,,"['Crawley Town', 'Fulham']",Liczba goli,powyżej 2.5,1.65,2022-08-23T18:45:00.000Z,lost
0,,"['RB Salzburg', 'A. Klagenfurt']",Liczba goli,poniżej 4.5,1.47,2022-08-20T15:00:00.000Z,win
0,2141-7E25C1,,,,,,
1,1000,,,,,,
2,[13],,,,,,
3,16,,,,,,
4,36586.47,,,,,,
5,11354.39,,,,,,
6,bets:,,,,,,
0,,"['Apoel Nicosia', 'Djurgarden IF']",Liczba goli,poniżej 3.5,1.33,2022-08-23T16:00:00.000Z,lost
0,,"['RB Salzburg', 'A. Klagenfurt']",Liczba goli,poniżej 5.5,1.22,2022-08-20T15:00:00.000Z,win
0,,"['Shrewsbury Town', 'Burnley']",Liczba goli,poniżej 3.5,1.33,2022-08-23T18:30:00.000Z,win
0,,"['Derby', 'WBA']",Liczba goli,poniżej 3.5,1.33,2022-08-23T18:45:00.000Z,win
0,,"['Hap. Beer Sheva', 'Univ.Craiova']",Liczba goli,powyżej 1.5,1.33,2022-08-25T17:00:00.000Z,active
0,,"['Beijing Guoan', 'Guangzhou City']",Mecz,1,1.25,2022-08-22T11:30:00.000Z,win
0,,"['Hamrun Spartans', 'Partizan']",Liczba goli,powyżej 1.5,1.28,2022-08-25T18:00:00.000Z,active
0,,"['Barnsley', 'Wycombe W.']",Liczba goli,poniżej 3.5,1.33,2022-08-20T14:00:00.000Z,win
0,,"['Omonia Nicosia', 'Gent']",Liczba goli,powyżej 1.5,1.33,2022-08-25T17:00:00.000Z,active
0,,"['Al Fayha', 'Damac']",1.połowa - liczba goli,poniżej 1.5,1.3,2022-08-25T16:05:00.000Z,active
0,,"['Basel', 'CSKA Sofia']",Liczba goli,powyżej 1.5,1.33,2022-08-25T17:00:00.000Z,active
0,,"['Dep. Pasto', 'Once Caldas']",Liczba goli,poniżej 3.5,1.25,2022-08-23T01:00:00.000Z,win
0,,"['Gillingham', 'Exeter City']",Liczba goli,poniżej 3.5,1.33,2022-08-23T18:45:00.000Z,win
0,,"['Crawley Town', 'Fulham']",Mecz,2,1.28,2022-08-23T18:45:00.000Z,lost
0,,"['Velez Sarsfield', 'Sarmiento Junin']",Liczba goli,poniżej 3.5,1.25,2022-08-23T00:30:00.000Z,win
0,,"['Colorado', 'Houston']",Liczba goli,poniżej 4.5,1.25,2022-08-21T01:00:00.000Z,win
0,2141-7E25CS,,,,,,
1,900,,,,,,
2,[12],,,,,,
3,16,,,,,,
4,73872.15,,,,,,
5,21106.09,,,,,,
6,bets:,,,,,,
0,,"['Shrewsbury Town', 'Burnley']",1.połowa - liczba goli,poniżej 1.5,1.38,2022-08-23T18:30:00.000Z,win
0,,"['Wolverhampton', 'Preston NE']",1.połowa - liczba goli,poniżej 1.5,1.42,2022-08-23T18:45:00.000Z,lost
0,,"['Fenerbahce', 'Austria Wiedeń']",Mecz,1,1.42,2022-08-25T17:00:00.000Z,active
0,,"['Derby', 'WBA']",1.połowa - liczba goli,poniżej 1.5,1.36,2022-08-23T18:45:00.000Z,win
0,,"['Rapid B.', 'UTA Arad']",Liczba goli,poniżej 2.5,1.53,2022-08-20T18:30:00.000Z,win
0,,"['Olympiacos', 'Apollon Limassol']",1.połowa - liczba goli,poniżej 1.5,1.38,2022-08-25T19:00:00.000Z,active
0,,"['Fleetwood Town', 'Everton']",1.połowa - liczba goli,poniżej 1.5,1.47,2022-08-23T18:45:00.000Z,win
0,,"['Oxford United', 'Morecambe']",Liczba goli,poniżej 3.5,1.42,2022-08-20T14:00:00.000Z,win
0,,"['F91 Dudelange', 'Lech']",1.połowa - liczba goli,poniżej 1.5,1.42,2022-08-25T18:30:00.000Z,active
0,,"['Juventus', 'Roma']",Liczba goli,poniżej 3.5,1.4,2022-08-27T16:30:00.000Z,active
0,,"['Grimsby Town', 'Nott. Forest']",Liczba goli,poniżej 3.5,1.42,2022-08-23T18:45:00.000Z,win
0,,"['Gil Vicente', 'AZ Alkmaar']",1.połowa - liczba goli,poniżej 1.5,1.42,2022-08-25T19:00:00.000Z,active
0,,"['Barrow', 'Lincoln City']",1.połowa - liczba goli,poniżej 1.5,1.38,2022-08-23T18:45:00.000Z,lost
0,,"['Sampdoria', 'Juventus']",Liczba goli,poniżej 3.5,1.4,2022-08-22T18:45:00.000Z,win
0,,"['MP Mikkeli', 'KPV Kokkola']",1.połowa - liczba goli,poniżej 1.5,1.42,2022-08-21T15:30:00.000Z,win
0,,"['Tranmere Rovers', 'Newcastle']",Liczba goli,poniżej 3.5,1.47,2022-08-24T18:45:00.000Z,win
0,2141-7E25C3,,,,,,
1,1000,,,,,,
2,[11],,,,,,
3,16,,,,,,
4,615648.83,,,,,,
5,159613.66,,,,,,
6,bets:,,,,,,
0,,"['Slovan Liberec', 'Ceske Budejovice']",Mecz,1,1.8,2022-08-21T14:00:00.000Z,lost
0,,"['Honka', 'HIFK']",Liczba goli,powyżej 2.5,1.65,2022-08-22T15:00:00.000Z,win
0,,"['Ath. Paranaense', 'America MG']",Mecz,1,1.85,2022-08-21T21:00:00.000Z,lost
0,,"['Pachuca', 'Club Leon']",Mecz,1,1.85,2022-08-22T00:05:00.000Z,win
0,,"['Hoffenheim', 'Augsburg']",Mecz,1,1.72,2022-08-27T13:30:00.000Z,active
0,,"['W.Mannheim 07', 'B. Dortmund II']",Liczba goli,powyżej 2.5,1.85,2022-08-20T12:00:00.000Z,win
0,,"['SC Freiburg', 'Bochum']",Mecz,1,1.62,2022-08-26T18:30:00.000Z,active
0,,"['Valerenga', 'Tromso']",Mecz,1,1.7,2022-08-21T16:00:00.000Z,win
0,,"['Marsylia', 'Nantes']",Liczba goli,powyżej 2.5,1.85,2022-08-20T19:00:00.000Z,win
0,,"['Pisa', 'Como']",Mecz,1,1.8,2022-08-21T18:45:00.000Z,lost
0,,"['Monaco', 'Lens']",Mecz,1,1.8,2022-08-20T15:00:00.000Z,lost
0,,"['Udinese', 'Salernitana']",Mecz,1,1.8,2022-08-20T16:30:00.000Z,lost
0,,"['Brighton', 'Leeds']",Mecz,1,1.85,2022-08-27T14:00:00.000Z,active
0,,"['Gimnasia Mendoza', 'Def. de Belgrano']",Liczba goli,powyżej 1.5,1.7,2022-08-20T17:10:00.000Z,lost
0,,"['Halmstads BK', 'Vasteras SK']",Liczba goli,powyżej 2.5,1.67,2022-08-21T13:00:00.000Z,lost
0,,"['Śląsk', 'Cracovia']",Liczba goli,poniżej 2.5,1.75,2022-08-20T15:30:00.000Z,win
0,2141-7E25CW,,,,,,
1,1000,,,,,,
2,[13],,,,,,
3,16,,,,,,
4,37647.96,,,,,,
5,11683.41,,,,,,
6,bets:,,,,,,
0,,"['Panathinaikos', 'Ionikos']",Liczba goli,powyżej 1.5,1.33,2022-08-21T17:00:00.000Z,lost
0,,"['Maribor', 'Celje']",Liczba goli,poniżej 3.5,1.33,2022-08-21T15:30:00.000Z,lost
0,,"['Bayern M.', ""M'gladbach""]",Mecz,1,1.33,2022-08-27T16:30:00.000Z,active
0,,"['Podbeskidzie', 'Niepołomice']",Liczba goli,poniżej 3.5,1.33,2022-08-20T13:00:00.000Z,win
0,,"['The New Saints', 'Penybont']",Mecz,1,1.33,2022-08-20T13:30:00.000Z,win
0,,"['Piast', 'Mielec']",Liczba goli,poniżej 3.5,1.33,2022-08-21T15:30:00.000Z,lost
0,,"['Legia', 'Górnik Z.']",Liczba goli,powyżej 1.5,1.25,2022-08-19T18:30:00.000Z,win
0,,"['Tokyo Verdy', 'Ventforet Kofu']",Liczba goli,poniżej 3.5,1.33,2022-08-21T09:00:00.000Z,win
0,,"['Odense BK', 'AC Horsens']",Liczba goli,powyżej 1.5,1.33,2022-08-22T17:00:00.000Z,lost
0,,"['Oita Trinita', 'Grulla Morioka']",Liczba goli,poniżej 3.5,1.33,2022-08-20T10:00:00.000Z,win
0,,"['W.Płock', 'Korona']",Liczba goli,powyżej 1.5,1.25,2022-08-20T13:00:00.000Z,win
0,,"['Fortuna Sittard', 'Cambuur']",Liczba goli,poniżej 4.5,1.22,2022-08-20T16:45:00.000Z,lost
0,,"['Halmstads BK', 'Vasteras SK']",Liczba goli,powyżej 1.5,1.22,2022-08-21T13:00:00.000Z,win
0,,"['Toulouse', 'Lorient']",Liczba goli,poniżej 3.5,1.33,2022-08-21T13:00:00.000Z,lost
0,,"['Palmeiras SP', 'Flamengo RJ']",Liczba goli,poniżej 3.5,1.33,2022-08-21T19:00:00.000Z,win
0,,"['Rapid B.', 'UTA Arad']",Liczba goli,poniżej 3.5,1.2,2022-08-20T18:30:00.000Z,win
0,2141-7E25CM,,,,,,
1,1000,,,,,,
2,[12],,,,,,
3,16,,,,,,
4,127820.18,,,,,,
5,36520.32,,,,,,
6,bets:,,,,,,
0,,"['CA Cerro', 'Villa Espanola']",1.połowa - liczba goli,powyżej 0.5,1.65,2022-08-19T20:30:00.000Z,lost
0,,"['Atromitos', 'OFI Crete']",1.połowa - liczba goli,poniżej 1.5,1.36,2022-08-20T17:00:00.000Z,lost
0,,"['Dinamo Minsk', ' Slavia Mozyr']",Mecz,1,1.5,2022-08-21T13:00:00.000Z,lost
0,,"['Rennes', 'Ajaccio']",Mecz,1,1.45,2022-08-21T15:05:00.000Z,win
0,,"['Tondela', 'Covilha']",Liczba goli,powyżej 1.5,1.4,2022-08-19T17:00:00.000Z,win
0,,"['CA Lanus', 'Arsenal Sarandi']",Liczba goli,poniżej 2.5,1.6,2022-08-21T16:00:00.000Z,win
0,,"['Moroka Swallows', 'AmaZulu']",Liczba goli,poniżej 2.5,1.4,2022-08-19T17:30:00.000Z,lost
0,,"['Jagiellonia', 'Legnica']",Liczba goli,poniżej 3.5,1.4,2022-08-19T16:00:00.000Z,win
0,,"['Sampaio Corr.MA', 'CRB AL']",1.połowa - liczba goli,powyżej 0.5,1.6,2022-08-20T22:00:00.000Z,win
0,,"['Benfica', 'Dynamo K.']",Mecz,1,1.4,2022-08-23T19:00:00.000Z,win
0,,"['Eintracht F.', 'Koln']",Liczba goli,poniżej 3.5,1.53,2022-08-21T13:30:00.000Z,win
0,,"['Viktoria Koln', 'Bayern M.']",1.połowa - liczba goli,poniżej 2.5,1.5,2022-08-31T18:46:00.000Z,active
0,,"['Espanyol', 'Real Madryt']",Liczba goli,powyżej 2.5,1.6,2022-08-28T20:00:00.000Z,active
0,,"['Aalborg BK', 'Brondby']",Liczba goli,poniżej 3.5,1.4,2022-08-21T16:00:00.000Z,win
0,,"['Augsburg', 'Mainz']",Liczba goli,poniżej 3.5,1.4,2022-08-20T13:30:00.000Z,win
0,,"['Dortmund', 'Werder B.']",Mecz,1,1.4,2022-08-20T13:30:00.000Z,win
0,2141-7E25CL,,,,,,
1,900,,,,,,
2,[3],,,,,,
3,8,,,,,,
4,26592.5,,,,,,
5,,,,,,,
6,bets:,,,,,,
0,,"['Victoria Rosport', 'Jeunesse Esch']",Mecz,1,3.6,2022-08-20T14:00:00.000Z,lost
0,,"['Keshla', 'Sabail']",Mecz,1,3.0,2022-08-19T12:30:00.000Z,lost
0,,"['Aberystwyth T.', 'Cardiff Met']",Mecz,1,2.7,2022-08-20T16:45:00.000Z,lost
0,,"['Mes Kerman', 'Paykan']",Mecz,X,2.75,2022-08-19T15:00:00.000Z,lost
0,,"['Sandecja', 'GKS Tychy']",Mecz,X,3.4,2022-08-22T16:00:00.000Z,lost
0,,"['Lecce', 'Empoli']",Mecz,X,3.4,2022-08-28T18:45:00.000Z,active
0,,"['Brest', 'Montpellier']",Mecz,X,3.6,2022-08-28T13:00:00.000Z,active
0,,"['Salernitana', 'Sampdoria']",Mecz,X,3.4,2022-08-28T16:30:00.000Z,active
0,2141-7E25C9,,,,,,
1,1000,,,,,,
2,[12],,,,,,
3,16,,,,,,
4,124886.12,,,,,,
5,35681.74,,,,,,
6,bets:,,,,,,
0,,"['U Craiova 1948', 'Petrolul']",Liczba goli,poniżej 2.5,1.57,2022-08-19T18:00:00.000Z,win
0,,"['SV Horn', 'FAC Wiedeń']",1.połowa - liczba goli,poniżej 1.5,1.45,2022-08-19T16:10:00.000Z,win
0,,"['Granada', 'Racing Santander']",Mecz,1,1.55,2022-08-20T20:00:00.000Z,win
0,,"['Helmond', 'FC Eindhoven']",1.połowa - liczba goli,poniżej 1.5,1.55,2022-08-19T18:00:00.000Z,win
0,,"['Real Salt Lake', 'Vancouver Whi.']",Liczba goli,poniżej 3.5,1.47,2022-08-21T02:00:00.000Z,win
0,,"['Nagoya Grampus', 'Jubilo Iwata']",Liczba goli,powyżej 1.5,1.4,2022-08-19T10:30:00.000Z,lost
0,,"['Cosenza', 'Modena']",Liczba goli,powyżej 1.5,1.4,2022-08-21T18:45:00.000Z,win
0,,"['Zrinjski Mostar', 'Slovan B.']",1.połowa - liczba goli,powyżej 0.5,1.55,2022-08-18T18:00:00.000Z,lost
0,,"['Leeds', 'Chelsea']",Mecz,2,1.57,2022-08-21T13:00:00.000Z,lost
0,,"['PSG', 'Monaco']",Mecz,1,1.4,2022-08-28T18:45:00.000Z,active
0,,"['Gimnasia LP', 'Aldosivi']",Liczba goli,powyżej 1.5,1.36,2022-08-24T00:30:00.000Z,lost
0,,"['Aston Villa', 'West Ham']",Liczba goli,poniżej 3.5,1.42,2022-08-28T13:00:00.000Z,active
0,,"['Sarajevo', 'Sloboda Tuzla']",Mecz,1,1.5,2022-08-19T18:00:00.000Z,lost
0,,"['Benfica', 'Dynamo K.']",1.połowa - liczba goli,poniżej 1.5,1.47,2022-08-23T19:00:00.000Z,lost
0,,"['Fiorentina', 'Twente']",Liczba goli,poniżej 3.5,1.47,2022-08-18T19:00:00.000Z,win
0,,"['Freiburg II', 'Viktoria Koln']",Liczba goli,poniżej 3.5,1.4,2022-08-20T12:00:00.000Z,win
0,2141-7E25CX,,,,,,
1,1000,,,,,,
2,[13],,,,,,
3,16,,,,,,
4,39539.97,,,,,,
5,12271.11,,,,,,
6,bets:,,,,,,
0,,"['Nantes', 'Toulouse']",Liczba goli,powyżej 1.5,1.35,2022-08-28T11:00:00.000Z,active
0,,"['Koln', 'Fehervar']",Liczba goli,poniżej 4.5,1.35,2022-08-18T18:30:00.000Z,win
0,,"['U Craiova 1948', 'Petrolul']",Liczba goli,poniżej 3.5,1.2,2022-08-19T18:00:00.000Z,win
0,,"['Preston NE', 'Watford']",Liczba goli,poniżej 3.5,1.25,2022-08-20T14:00:00.000Z,win
0,,"['PAOK', 'Panetolikos']",Mecz,1,1.33,2022-08-20T18:45:00.000Z,win
0,,"['Club Necaxa', 'CD Guadalajara']",Liczba goli,poniżej 3.5,1.22,2022-08-20T00:00:00.000Z,lost
0,,"['Atl. Tucuman', 'Barracas Central']",Liczba goli,poniżej 3.5,1.28,2022-08-24T00:30:00.000Z,lost
0,,"['Istanbulspor', 'Konyaspor']",Liczba goli,powyżej 1.5,1.35,2022-08-22T16:15:00.000Z,win
0,,"['Atlas', 'Club Puebla']",Liczba goli,poniżej 3.5,1.33,2022-08-21T00:05:00.000Z,win
0,,"['W.Kraków', 'Skra Cz.']",Liczba goli,poniżej 3.5,1.33,2022-08-20T15:30:00.000Z,win
0,,"['Crvena Zvezda', 'Maccabi Haifa']",Liczba goli,powyżej 1.5,1.35,2022-08-23T19:00:00.000Z,win
0,,"['Orgryte IS', 'Norrby IF']",Liczba goli,poniżej 3.5,1.35,2022-08-23T17:00:00.000Z,lost
0,,"['Granada', 'Racing Santander']",Liczba goli,powyżej 1.5,1.33,2022-08-20T20:00:00.000Z,win
0,,"['Villarreal', 'Hajduk Split']",Liczba goli,poniżej 4.5,1.22,2022-08-18T18:45:00.000Z,lost
0,,"['Austria Wiedeń', 'Fenerbahce']",Liczba goli,powyżej 1.5,1.28,2022-08-18T19:00:00.000Z,win
0,,"['Colon Santa Fe', 'CA Tigre']",Liczba goli,poniżej 3.5,1.33,2022-08-20T21:00:00.000Z,win
0,2141-7E25CA,,,,,,
1,1000,,,,,,
2,[12],,,,,,
3,16,,,,,,
4,61924.87,,,,,,
5,17692.67,,,,,,
6,bets:,,,,,,
0,,"['Juventude RS', 'Botafogo RJ']",Liczba goli,poniżej 3.5,1.25,2022-08-21T14:00:00.000Z,lost
0,,"['Gremio FBPA RS', 'Cruzeiro MG']",Liczba goli,poniżej 2.5,1.47,2022-08-21T19:00:00.000Z,lost
0,,"['Manchester City', 'Crystal Palace']",Liczba goli,poniżej 4.5,1.4,2022-08-27T14:00:00.000Z,active
0,,"['Sheffield Utd', 'Sunderland']",Liczba goli,poniżej 3.5,1.33,2022-08-17T19:00:00.000Z,win
0,,"['SV Horn', 'FAC Wiedeń']",Liczba goli,poniżej 3.5,1.42,2022-08-19T16:10:00.000Z,win
0,,"['Rosario Central', 'Banfield']",Liczba goli,poniżej 3.5,1.22,2022-08-22T19:30:00.000Z,win
0,,"['Barcelona', 'Valladolid']",Mecz,1,1.25,2022-08-28T17:30:00.000Z,active
0,,"['W.Płock', 'Korona']",Mecz,1,1.57,2022-08-20T13:00:00.000Z,win
0,,"['Djurgarden IF', 'Apoel Nicosia']",Liczba goli,powyżej 1.5,1.4,2022-08-17T16:45:00.000Z,win
0,,"['Helmond', 'FC Eindhoven']",Liczba goli,poniżej 3.5,1.53,2022-08-19T18:00:00.000Z,win
0,,"['Jagiellonia', 'Legnica']",Liczba goli,powyżej 1.5,1.33,2022-08-19T16:00:00.000Z,win
0,,"['Hamburger', 'Darmstadt']",Liczba goli,poniżej 4.5,1.25,2022-08-19T16:30:00.000Z,win
0,,"['Slavia Praga', 'Pardubice']",Liczba goli,powyżej 2.5,1.55,2022-08-21T17:00:00.000Z,win
0,,"['Nautico PE', 'Vila Nova GO']",Liczba goli,poniżej 2.5,1.53,2022-08-20T00:30:00.000Z,lost
0,,"['Salernitana', 'Sampdoria']",Liczba goli,poniżej 3.5,1.4,2022-08-28T16:30:00.000Z,active
0,,"['Zemplin Michal.', 'Skalica']",Liczba goli,poniżej 3.5,1.33,2022-08-20T16:00:00.000Z,lost
0,2141-7E2583,,,,,,
1,1000,,,,,,
2,[13],,,,,,
3,16,,,,,,
4,36484.09,,,,,,
5,11322.74,,,,,,
6,bets:,,,,,,
0,,"['Meizhou Hakka', 'Guangzhou City']",Mecz,1,1.28,2022-08-17T11:30:00.000Z,win
0,,"['Hermannstadt', 'CFR Cluj']",Liczba goli,poniżej 3.5,1.22,2022-08-21T13:00:00.000Z,refund
0,,"['Jong PSV', 'Heracles Almelo']",Liczba goli,poniżej 4.5,1.28,2022-08-22T18:00:00.000Z,win
0,,"['Club Brugge', 'Kortrijk']",Mecz,1,1.33,2022-08-21T11:30:00.000Z,win
0,,"['Olympiacos', 'PAS Giannina']",Mecz,1,1.28,2022-08-21T19:00:00.000Z,win
0,,"['Arsenal', 'Fulham']",Mecz,1,1.35,2022-08-27T16:30:00.000Z,active
0,,"['Lillestrom', 'Sandefjord']",Mecz,1,1.35,2022-08-21T16:00:00.000Z,win
0,,"['Atl. Mineiro MG', 'Goias GO']",Mecz,1,1.28,2022-08-20T19:30:00.000Z,lost
0,,"['Pakhtakor Tash.', 'Olimpik Tashkent']",Mecz,1,1.3,2022-08-17T14:00:00.000Z,lost
0,,"['Reading', 'Blackburn']",Liczba goli,poniżej 3.5,1.33,2022-08-17T19:00:00.000Z,win
0,,"['Partizan', 'Hamrun Spartans']",Mecz,1,1.2,2022-08-18T19:00:00.000Z,win
0,,"['Aris', 'Levadiakos']",Liczba goli,poniżej 3.5,1.33,2022-08-21T17:30:00.000Z,win
0,,"['Sandecja', 'GKS Tychy']",Liczba goli,poniżej 3.5,1.33,2022-08-22T16:00:00.000Z,lost
0,,"['Porto', 'Sporting L.']",Liczba goli,powyżej 1.5,1.33,2022-08-20T19:30:00.000Z,win
0,,"['Burton Albion', 'Ipswich Town']",Liczba goli,poniżej 3.5,1.33,2022-08-16T18:45:00.000Z,win
0,,"['Honka', 'HIFK']",Mecz,1,1.2,2022-08-22T15:00:00.000Z,win
0,2141-7E258Q,,,,,,
1,1000,,,,,,
2,[11],,,,,,
3,15,,,,,,
4,53820.75,,,,,,
5,13953.74,,,,,,
6,bets:,,,,,,
0,,"['Maribor', 'CFR Cluj']",Liczba goli,poniżej 2.5,1.47,2022-08-18T18:15:00.000Z,win
0,,"['FCSB', 'Viking']",Liczba goli,poniżej 3.5,1.4,2022-08-18T18:30:00.000Z,win
0,,"['Slovan B.', 'Zilina']",Mecz,1,1.45,2022-08-21T18:30:00.000Z,win
0,,"['W.Kraków', 'Skra Cz.']",Mecz,1,1.47,2022-08-20T15:30:00.000Z,win
0,,"['Panathinaikos', 'Ionikos']",Mecz,1,1.36,2022-08-21T17:00:00.000Z,win
0,,"['Monza', 'Udinese']",Liczba goli,poniżej 3.5,1.47,2022-08-26T16:30:00.000Z,active
0,,"['Portsmouth', 'Bristol Rovers']",Liczba goli,poniżej 3.5,1.4,2022-08-20T14:00:00.000Z,lost
0,,"['Ferencvarosi TC', 'Shamrock Rovers']",Liczba goli,poniżej 3.5,1.42,2022-08-18T16:30:00.000Z,lost
0,,"['Zel. Podbrezova', 'Dukla Banska B.']",Liczba goli,poniżej 3.5,1.42,2022-08-19T18:30:00.000Z,lost
0,,"['Cremonese', 'Torino']",Liczba goli,poniżej 3.5,1.42,2022-08-27T16:30:00.000Z,active
0,,"['Macara', 'Aucas']",1.połowa - liczba goli,poniżej 1.5,1.36,2022-08-21T01:00:00.000Z,win
0,,"['Maccabi Netanya', 'Beitar Jerusalem']",1.połowa - liczba goli,poniżej 1.5,1.38,2022-08-20T17:15:00.000Z,lost
0,,"['Chelsea', 'Leicester']",Mecz,1,1.4,2022-08-27T14:00:00.000Z,active
0,,"['Newcastle', 'Manchester City']",Mecz,2,1.4,2022-08-21T15:30:00.000Z,lost
0,,"['Napoli', 'Monza']",Mecz,1,1.4,2022-08-21T16:30:00.000Z,win
0,2141-7E258T,,,,,,
1,1000,,,,,,
2,[13],,,,,,
3,16,,,,,,
4,38380.69,,,,,,
5,11911.29,,,,,,
6,bets:,,,,,,
0,,"['NAC Breda', 'TOP Oss']",Liczba goli,poniżej 4.5,1.22,2022-08-19T18:00:00.000Z,win
0,,"['Bristol City', 'Luton Town']",Liczba goli,poniżej 3.5,1.33,2022-08-16T18:45:00.000Z,win
0,,"['U.Humbert', 'C.Chidekh']",Zwycięzca,1,1.28,2022-08-16T21:23:00.000Z,win
0,,"['Trencin', 'Tatran L.Mikulas']",Liczba goli,powyżej 1.5,1.25,2022-08-20T16:00:00.000Z,win
0,,"['Shrewsbury Town', 'Ipswich Town']",Liczba goli,poniżej 3.5,1.22,2022-08-20T14:00:00.000Z,win
0,,"['Univ.Craiova', 'Hap. Beer Sheva']",Liczba goli,powyżej 1.5,1.35,2022-08-18T17:30:00.000Z,win
0,,"['Sparta R.', 'Ajax']",Mecz,2,1.28,2022-08-21T12:30:00.000Z,win
0,,"['Fulham', 'Brentford']",Liczba goli,poniżej 3.5,1.35,2022-08-20T14:00:00.000Z,lost
0,,"['Zalaegerszegi TE', 'Kisvarda']",Liczba goli,poniżej 3.5,1.33,2022-08-21T15:55:00.000Z,lost
0,,"['Z.Moravce-Vrable', 'Ruzomberok']",Liczba goli,poniżej 3.5,1.35,2022-08-20T16:00:00.000Z,lost
0,,"['Wuhan Yangtze R.', 'Beijing Guoan']",Liczba goli,powyżej 1.5,1.33,2022-08-17T11:30:00.000Z,win
0,,"['Rapid Wiedeń', 'TSV Hartberg']",Liczba goli,powyżej 1.5,1.25,2022-08-21T15:00:00.000Z,refund
0,,"['AZ Alkmaar', 'Gil Vicente']",Liczba goli,powyżej 1.5,1.25,2022-08-18T19:00:00.000Z,win
0,,"['Koper', 'Olimpija L.']",Liczba goli,poniżej 3.5,1.35,2022-08-20T18:15:00.000Z,win
0,,"['Brentford', 'Everton']",Liczba goli,poniżej 3.5,1.33,2022-08-27T14:00:00.000Z,active
0,,"['Raków', 'Slavia Praga']",Liczba goli,poniżej 3.5,1.33,2022-08-18T16:00:00.000Z,win
0,2141-7E258Y,,,,,,
1,1000,,,,,,
2,[11],,,,,,
3,16,,,,,,
4,539014.93,,,,,,
5,139744.7,,,,,,
6,bets:,,,,,,
0,,"['Molde', 'Wolfsberger AC']",Mecz,1,1.7,2022-08-18T17:00:00.000Z,lost
0,,"['Djurgarden IF', 'Apoel Nicosia']",Mecz,1,1.8,2022-08-17T16:45:00.000Z,win
0,,"['Vaduz', 'Rapid Wiedeń']",Mecz,2,1.85,2022-08-18T18:00:00.000Z,lost
0,,"['AZ Alkmaar', 'Gil Vicente']",Mecz,1,1.6,2022-08-18T19:00:00.000Z,win
0,,"['Rigas FS', 'Linfield']",Mecz,1,1.7,2022-08-18T17:00:00.000Z,lost
0,,"['Ranheim', 'Bryne']",Mecz,1,1.7,2022-08-22T16:00:00.000Z,lost
0,,"['FCSB', 'Viking']",Mecz,1,1.85,2022-08-18T18:30:00.000Z,lost
0,,"['Gijon', 'FC Andorra']",Mecz,1,1.8,2022-08-20T15:30:00.000Z,win
0,,"['Reims', 'Lyon']",Mecz,2,1.8,2022-08-28T15:05:00.000Z,active
0,,"['Hertha', 'Dortmund']",Mecz,2,1.7,2022-08-27T13:30:00.000Z,active
0,,"['Legia', 'Górnik Z.']",Mecz,1,1.85,2022-08-19T18:30:00.000Z,lost
0,,"['Mjallby AIF', 'Malmo FF']",Mecz,2,1.85,2022-08-21T13:00:00.000Z,lost
0,,"['Celta', 'Real Madryt']",Mecz,2,1.8,2022-08-20T20:00:00.000Z,win
0,,"['Porto B', 'UD Oliveirense']",Mecz,1,1.65,2022-08-21T14:30:00.000Z,win
0,,"['NY Red Bulls', 'Cincinnati']",Mecz,1,1.75,2022-08-20T22:00:00.000Z,lost
0,,"['Fluminense RJ', 'Coritiba PR']",Mecz,1,1.53,2022-08-20T22:00:00.000Z,win
